{
  "partial": {
    "cd": 0.540818,
    "fscore": 0.0019
  },
  "poisson": {
    "cd": 0.826691,
    "fscore": 0.0
  },
  "deep": {
    "cd": 1.215524,
    "fscore": 0.0
  }
}