{
  "partial": {
    "cd": 0.123456,
    "fscore": 0.4500
  },
  "poisson": {
    "cd": 0.075000,
    "fscore": 0.6200
  },
  "deep": {
    "cd": 0.040000,
    "fscore": 0.8100
  }
}

